{
  "uuid": "eb513889-e7bd-3a06-a5d2-04baa8280bf6",
  "starterPrompted": true,
  "starterLocked": false,
  "starterSelected": true,
  "starterUUID": "aee2ab32-afaa-41e1-a1d7-f7d80dd3f9ef",
  "keyItems": [],
  "battleTheme": "cobblemon:battle.pvp.default",
  "extraData": {
    "koStreak": {
      "name": "koStreak",
      "species": "hitmontop",
      "count": 1
    },
    "koCount": {
      "name": "koCount",
      "defeats": {
        "fletchling": 1,
        "metapod": 1,
        "taillow": 1,
        "combee": 1,
        "hitmontop": 1
      }
    },
    "captureStreak": {
      "name": "captureStreak",
      "species": "floette",
      "count": 1
    },
    "captureCount": {
      "name": "captureCount",
      "defeats": {
        "charmander": 1,
        "psyduck": 1,
        "floette": 1,
        "charmeleon": 1
      }
    },
    "encounter": {
      "name": "encounter",
      "encounters": {
        "charmander": true,
        "fletchling": true,
        "primeape": true,
        "metapod": true,
        "psyduck": true,
        "taillow": true,
        "floette": true,
        "combee": true,
        "charmeleon": true,
        "hitmontop": true
      }
    }
  },
  "advancementData": {
    "totalCaptureCount": 2,
    "totalEggsHatched": 0,
    "totalEvolvedCount": 1,
    "totalBattleVictoryCount": 6,
    "totalPvPBattleVictoryCount": 0,
    "totalPvWBattleVictoryCount": 6,
    "totalPvNBattleVictoryCount": 0,
    "totalShinyCaptureCount": 0,
    "totalTradedCount": 0,
    "totalTypeCaptureCounts": {
      "water": 1,
      "fairy": 1
    },
    "totalDefeatedCounts": {
      "cobblemon:fletchling": 1,
      "cobblemon:metapod": 1,
      "cobblemon:taillow": 1,
      "cobblemon:combee": 1,
      "cobblemon:hitmontop": 1
    },
    "aspectsCollected": {}
  }
}