{
  "uuid": "eb513889-e7bd-3a06-a5d2-04baa8280bf6",
  "starterPrompted": true,
  "starterLocked": false,
  "starterSelected": true,
  "starterUUID": "aee2ab32-afaa-41e1-a1d7-f7d80dd3f9ef",
  "keyItems": [],
  "battleTheme": "cobblemon:battle.pvp.default",
  "extraData": {
    "koStreak": {
      "name": "koStreak",
      "species": "ferrosleyer",
      "count": 1
    },
    "koCount": {
      "name": "koCount",
      "defeats": {
        "fletchling": 4,
        "metapod": 10,
        "taillow": 1,
        "combee": 2,
        "hitmontop": 1,
        "snorunt": 2,
        "caterpie": 2,
        "zubat": 1,
        "magikarp": 2,
        "basculin": 1,
        "seedot": 3,
        "krabby": 1,
        "kricketune": 1,
        "zigzagoon": 2,
        "riolu": 2,
        "mareep": 2,
        "starly": 1,
        "bouffalant": 2,
        "fletchinder": 2,
        "rookidee": 1,
        "miltank": 2,
        "victini": 1,
        "mew": 1,
        "golem": 1,
        "graveler": 1,
        "ponyta": 1,
        "mankey": 1,
        "swellow": 2,
        "patrat": 1,
        "wooloo": 2,
        "sawsbuck": 2,
        "gimmighoul": 2,
        "honedge": 1,
        "stantler": 2,
        "mamoswine": 1,
        "emolga": 1,
        "bellsprout": 1,
        "psyduck": 1,
        "buneary": 3,
        "kakuna": 29,
        "golbat": 1,
        "charcadet": 1,
        "lopunny": 1,
        "sounoir": 1,
        "petilil": 1,
        "beedrill": 1,
        "bonsly": 1,
        "lechonk": 1,
        "volbeat": 1,
        "ironstalker": 1,
        "enderdrake": 1,
        "worvator": 1,
        "ferrosleyer": 1
      }
    },
    "captureStreak": {
      "name": "captureStreak",
      "species": "rayquaza",
      "count": 1
    },
    "captureCount": {
      "name": "captureCount",
      "defeats": {
        "charmander": 1,
        "psyduck": 1,
        "floette": 1,
        "charmeleon": 1,
        "bulbasaur": 1,
        "shellder": 1,
        "lapras": 2,
        "pidgeotto": 1,
        "wartortle": 1,
        "breloom": 1,
        "riolu": 1,
        "emolga": 1,
        "pidgeot": 1,
        "phantump": 1,
        "fuecoco": 1,
        "crocalor": 1,
        "xerneas": 1,
        "piloswine": 1,
        "skeledirge": 1,
        "rayquaza": 1,
        "blastoise": 1
      }
    },
    "encounter": {
      "name": "encounter",
      "encounters": {
        "charmander": true,
        "fletchling": true,
        "primeape": true,
        "metapod": true,
        "psyduck": true,
        "taillow": true,
        "floette": true,
        "combee": true,
        "charmeleon": true,
        "hitmontop": true,
        "bulbasaur": true,
        "cloyster": true,
        "weavile": true,
        "snorunt": true,
        "emolga": true,
        "shellder": true,
        "lapras": true,
        "pidgeotto": true,
        "caterpie": true,
        "zubat": true,
        "magikarp": true,
        "wartortle": true,
        "basculin": true,
        "breloom": true,
        "seedot": true,
        "krabby": true,
        "kricketune": true,
        "zigzagoon": true,
        "riolu": true,
        "mareep": true,
        "starly": true,
        "bouffalant": true,
        "fletchinder": true,
        "rookidee": true,
        "miltank": true,
        "pidgeot": true,
        "armarouge": true,
        "ceruledge": true,
        "victini": true,
        "mew": true,
        "phantump": true,
        "golem": true,
        "graveler": true,
        "ponyta": true,
        "mankey": true,
        "fuecoco": true,
        "crocalor": true,
        "swellow": true,
        "slowbro": true,
        "patrat": true,
        "wooloo": true,
        "sawsbuck": true,
        "gimmighoul": true,
        "honedge": true,
        "xerneas": true,
        "stantler": true,
        "piloswine": true,
        "mamoswine": true,
        "skeledirge": true,
        "bellsprout": true,
        "rayquaza": true,
        "blastoise": true,
        "buneary": true,
        "kakuna": true,
        "golbat": true,
        "charcadet": true,
        "lopunny": true,
        "sounoir": true,
        "petilil": true,
        "beedrill": true,
        "bonsly": true,
        "lechonk": true,
        "volbeat": true,
        "ashpikachu": true,
        "ironstalker": true,
        "enderdrake": true,
        "worvator": true,
        "ferrosleyer": true
      }
    }
  },
  "advancementData": {
    "totalCaptureCount": 15,
    "totalEggsHatched": 0,
    "totalEvolvedCount": 5,
    "totalBattleVictoryCount": 126,
    "totalPvPBattleVictoryCount": 0,
    "totalPvWBattleVictoryCount": 126,
    "totalPvNBattleVictoryCount": 0,
    "totalShinyCaptureCount": 1,
    "totalTradedCount": 1,
    "totalTypeCaptureCounts": {
      "water": 5,
      "fairy": 2,
      "grass": 3,
      "poison": 1,
      "ice": 3,
      "normal": 1,
      "flying": 3,
      "fighting": 2,
      "electric": 1,
      "ghost": 1,
      "ground": 1,
      "dragon": 1
    },
    "totalDefeatedCounts": {
      "cobblemon:fletchling": 4,
      "cobblemon:metapod": 10,
      "cobblemon:taillow": 1,
      "cobblemon:combee": 2,
      "cobblemon:hitmontop": 1,
      "cobblemon:snorunt": 2,
      "cobblemon:caterpie": 2,
      "cobblemon:zubat": 1,
      "cobblemon:magikarp": 2,
      "cobblemon:basculin": 1,
      "cobblemon:seedot": 3,
      "cobblemon:krabby": 1,
      "cobblemon:kricketune": 1,
      "cobblemon:zigzagoon": 2,
      "cobblemon:riolu": 2,
      "cobblemon:mareep": 2,
      "cobblemon:starly": 1,
      "cobblemon:bouffalant": 2,
      "cobblemon:fletchinder": 2,
      "cobblemon:rookidee": 1,
      "cobblemon:miltank": 2,
      "cobblemon:victini": 1,
      "cobblemon:mew": 1,
      "cobblemon:golem": 1,
      "cobblemon:graveler": 1,
      "cobblemon:ponyta": 1,
      "cobblemon:mankey": 1,
      "cobblemon:swellow": 2,
      "cobblemon:patrat": 1,
      "cobblemon:wooloo": 2,
      "cobblemon:sawsbuck": 2,
      "cobblemon:gimmighoul": 2,
      "cobblemon:honedge": 1,
      "cobblemon:stantler": 2,
      "cobblemon:mamoswine": 1,
      "cobblemon:emolga": 1,
      "cobblemon:bellsprout": 1,
      "cobblemon:psyduck": 1,
      "cobblemon:buneary": 3,
      "cobblemon:kakuna": 29,
      "cobblemon:golbat": 1,
      "cobblemon:charcadet": 1,
      "cobblemon:lopunny": 1,
      "cobblemon:sounoir": 1,
      "cobblemon:petilil": 1,
      "cobblemon:beedrill": 1,
      "cobblemon:bonsly": 1,
      "cobblemon:lechonk": 1,
      "cobblemon:volbeat": 1,
      "cobblemon:ironstalker": 1,
      "cobblemon:enderdrake": 1,
      "cobblemon:worvator": 1,
      "cobblemon:ferrosleyer": 1
    },
    "aspectsCollected": {}
  }
}