{
  "uuid": "cc6d9f9f-d7d1-3a1c-b9a2-ef267acf22af",
  "starterPrompted": true,
  "starterLocked": false,
  "starterSelected": true,
  "starterUUID": "f4e9b010-0c36-493c-832e-8f77a6f8efac",
  "keyItems": [],
  "battleTheme": "cobblemon:battle.pvp.default",
  "extraData": {
    "koStreak": {
      "name": "koStreak",
      "species": "heatmor",
      "count": 1
    },
    "koCount": {
      "name": "koCount",
      "defeats": {
        "kricketot": 1,
        "zubat": 2,
        "mankey": 2,
        "buneary": 5,
        "patrat": 2,
        "pichu": 3,
        "lechonk": 2,
        "metapod": 4,
        "pineco": 3,
        "seedot": 1,
        "murkrow": 1,
        "drifloon": 1,
        "illumise": 1,
        "shedinja": 1,
        "xatu": 1,
        "natu": 1,
        "beedrill": 1,
        "bidoof": 1,
        "rattata": 2,
        "swellow": 2,
        "bouffalant": 4,
        "vivillon": 2,
        "nidoranm": 1,
        "weedle": 1,
        "gastly": 3,
        "elekid": 1,
        "honedge": 2,
        "numel": 1,
        "charcadet": 3,
        "mewtwo": 1,
        "noctowl": 1,
        "copperajah": 1,
        "durant": 2,
        "teddiursa": 2,
        "geodude": 2,
        "wooloo": 2,
        "diggersby": 2,
        "combee": 1,
        "starly": 1,
        "miltank": 2,
        "gible": 1,
        "typhlosion": 2,
        "blaziken": 1,
        "machoke": 1,
        "mareep": 2,
        "oinkologne": 1,
        "golisopod": 1,
        "crabrawler": 2,
        "krabby": 1,
        "exeggutor": 1,
        "mew": 1,
        "gimmighoul": 1,
        "alakazam": 28,
        "kakuna": 4,
        "blissey": 3,
        "salamence": 1,
        "dragonite": 29,
        "rayquaza": 1,
        "sentret": 1,
        "heatmor": 1
      }
    },
    "captureStreak": {
      "name": "captureStreak",
      "species": "teddiursa",
      "count": 1
    },
    "captureCount": {
      "name": "captureCount",
      "defeats": {
        "charmander": 1,
        "charmeleon": 2,
        "mankey": 1,
        "psyduck": 1,
        "froakie": 1,
        "noctowl": 1,
        "frogadier": 1,
        "tauros": 1,
        "linoone": 1,
        "rookidee": 1,
        "corvisquire": 1,
        "pineco": 1,
        "bouffalant": 1,
        "charizard": 1,
        "nidoranm": 1,
        "nidorino": 1,
        "zorua": 1,
        "buneary": 1,
        "nidoking": 1,
        "magby": 1,
        "gible": 1,
        "gabite": 1,
        "greninja": 1,
        "magikarp": 1,
        "gyarados": 1,
        "zoroark": 1,
        "xerneas": 1,
        "zapdos": 1,
        "gengar": 1,
        "garchomp": 1,
        "ralts": 1,
        "kirlia": 1,
        "gardevoir": 1,
        "rayquaza": 1,
        "machop": 1,
        "sentret": 1,
        "zigzagoon": 1,
        "mareep": 1,
        "diggersby": 1,
        "rattata": 1,
        "teddiursa": 1
      }
    },
    "encounter": {
      "name": "encounter",
      "encounters": {
        "charmander": true,
        "charmeleon": true,
        "kricketot": true,
        "zubat": true,
        "mankey": true,
        "buneary": true,
        "patrat": true,
        "psyduck": true,
        "froakie": true,
        "pichu": true,
        "lechonk": true,
        "metapod": true,
        "pineco": true,
        "noctowl": true,
        "seedot": true,
        "frogadier": true,
        "tauros": true,
        "murkrow": true,
        "drifloon": true,
        "illumise": true,
        "shedinja": true,
        "xatu": true,
        "linoone": true,
        "natu": true,
        "beedrill": true,
        "bidoof": true,
        "rookidee": true,
        "corvisquire": true,
        "rattata": true,
        "bouffalant": true,
        "swellow": true,
        "vivillon": true,
        "charizard": true,
        "nidoranm": true,
        "nidorino": true,
        "weedle": true,
        "zorua": true,
        "gastly": true,
        "elekid": true,
        "nidoking": true,
        "honedge": true,
        "numel": true,
        "magby": true,
        "charcadet": true,
        "mewtwo": true,
        "copperajah": true,
        "durant": true,
        "teddiursa": true,
        "geodude": true,
        "wooloo": true,
        "diggersby": true,
        "combee": true,
        "starly": true,
        "miltank": true,
        "gible": true,
        "typhlosion": true,
        "blaziken": true,
        "machoke": true,
        "gabite": true,
        "mareep": true,
        "oinkologne": true,
        "golisopod": true,
        "crabrawler": true,
        "krabby": true,
        "greninja": true,
        "magikarp": true,
        "gyarados": true,
        "exeggutor": true,
        "mew": true,
        "gimmighoul": true,
        "zoroark": true,
        "xerneas": true,
        "zapdos": true,
        "rayquaza": true,
        "gengar": true,
        "alakazam": true,
        "kakuna": true,
        "blissey": true,
        "garchomp": true,
        "ralts": true,
        "kirlia": true,
        "gardevoir": true,
        "salamence": true,
        "dragonite": true,
        "machop": true,
        "sentret": true,
        "zigzagoon": true,
        "heatmor": true
      }
    }
  },
  "advancementData": {
    "totalCaptureCount": 26,
    "totalEggsHatched": 0,
    "totalEvolvedCount": 14,
    "totalBattleVictoryCount": 180,
    "totalPvPBattleVictoryCount": 1,
    "totalPvWBattleVictoryCount": 179,
    "totalPvNBattleVictoryCount": 0,
    "totalShinyCaptureCount": 0,
    "totalTradedCount": 1,
    "totalTypeCaptureCounts": {
      "fighting": 2,
      "water": 3,
      "normal": 10,
      "flying": 4,
      "dark": 2,
      "bug": 1,
      "poison": 1,
      "fire": 1,
      "dragon": 2,
      "ground": 2,
      "fairy": 2,
      "electric": 2,
      "psychic": 1
    },
    "totalDefeatedCounts": {
      "cobblemon:kricketot": 1,
      "cobblemon:zubat": 2,
      "cobblemon:mankey": 2,
      "cobblemon:buneary": 5,
      "cobblemon:patrat": 2,
      "cobblemon:pichu": 3,
      "cobblemon:lechonk": 2,
      "cobblemon:metapod": 4,
      "cobblemon:pineco": 3,
      "cobblemon:seedot": 1,
      "cobblemon:murkrow": 1,
      "cobblemon:drifloon": 1,
      "cobblemon:illumise": 1,
      "cobblemon:shedinja": 1,
      "cobblemon:xatu": 1,
      "cobblemon:natu": 1,
      "cobblemon:beedrill": 1,
      "cobblemon:bidoof": 1,
      "cobblemon:rattata": 2,
      "cobblemon:swellow": 2,
      "cobblemon:bouffalant": 4,
      "cobblemon:vivillon": 2,
      "cobblemon:nidoranm": 1,
      "cobblemon:weedle": 1,
      "cobblemon:gastly": 3,
      "cobblemon:elekid": 1,
      "cobblemon:honedge": 2,
      "cobblemon:numel": 1,
      "cobblemon:charcadet": 3,
      "cobblemon:mewtwo": 1,
      "cobblemon:noctowl": 1,
      "cobblemon:copperajah": 1,
      "cobblemon:durant": 2,
      "cobblemon:teddiursa": 2,
      "cobblemon:geodude": 2,
      "cobblemon:wooloo": 2,
      "cobblemon:diggersby": 2,
      "cobblemon:combee": 1,
      "cobblemon:starly": 1,
      "cobblemon:miltank": 2,
      "cobblemon:gible": 1,
      "cobblemon:typhlosion": 2,
      "cobblemon:blaziken": 1,
      "cobblemon:machoke": 1,
      "cobblemon:mareep": 2,
      "cobblemon:oinkologne": 1,
      "cobblemon:golisopod": 1,
      "cobblemon:crabrawler": 2,
      "cobblemon:krabby": 1,
      "cobblemon:exeggutor": 1,
      "cobblemon:mew": 1,
      "cobblemon:gimmighoul": 1,
      "cobblemon:alakazam": 28,
      "cobblemon:kakuna": 4,
      "cobblemon:blissey": 3,
      "cobblemon:salamence": 1,
      "cobblemon:dragonite": 29,
      "cobblemon:rayquaza": 1,
      "cobblemon:sentret": 1,
      "cobblemon:heatmor": 1
    },
    "aspectsCollected": {}
  }
}