{
  "uuid": "cc6d9f9f-d7d1-3a1c-b9a2-ef267acf22af",
  "starterPrompted": true,
  "starterLocked": false,
  "starterSelected": true,
  "starterUUID": "f4e9b010-0c36-493c-832e-8f77a6f8efac",
  "keyItems": [],
  "battleTheme": "cobblemon:battle.pvp.default",
  "extraData": {
    "koStreak": {
      "name": "koStreak",
      "species": "pichu",
      "count": 1
    },
    "koCount": {
      "name": "koCount",
      "defeats": {
        "kricketot": 1,
        "zubat": 2,
        "mankey": 1,
        "buneary": 2,
        "patrat": 1,
        "pichu": 1
      }
    },
    "captureStreak": {
      "name": "captureStreak",
      "species": "froakie",
      "count": 1
    },
    "captureCount": {
      "name": "captureCount",
      "defeats": {
        "charmander": 1,
        "charmeleon": 1,
        "mankey": 1,
        "psyduck": 1,
        "froakie": 1
      }
    },
    "encounter": {
      "name": "encounter",
      "encounters": {
        "charmander": true,
        "charmeleon": true,
        "kricketot": true,
        "zubat": true,
        "mankey": true,
        "buneary": true,
        "patrat": true,
        "psyduck": true,
        "froakie": true,
        "pichu": true
      }
    }
  },
  "advancementData": {
    "totalCaptureCount": 3,
    "totalEggsHatched": 0,
    "totalEvolvedCount": 1,
    "totalBattleVictoryCount": 10,
    "totalPvPBattleVictoryCount": 0,
    "totalPvWBattleVictoryCount": 10,
    "totalPvNBattleVictoryCount": 0,
    "totalShinyCaptureCount": 0,
    "totalTradedCount": 0,
    "totalTypeCaptureCounts": {
      "fighting": 1,
      "water": 2
    },
    "totalDefeatedCounts": {
      "cobblemon:kricketot": 1,
      "cobblemon:zubat": 2,
      "cobblemon:mankey": 1,
      "cobblemon:buneary": 2,
      "cobblemon:patrat": 1,
      "cobblemon:pichu": 1
    },
    "aspectsCollected": {}
  }
}