{"stats":{"minecraft:crafted":{"minecraft:oak_planks":60,"minecraft:diamond_axe":1,"minecraft:crafting_table":1,"minecraft:wooden_pickaxe":1,"minecraft:stone_axe":1,"minecraft:diamond_pickaxe":1,"minecraft:stick":20,"minecraft:iron_pickaxe":1,"minecraft:stone_pickaxe":1,"minecraft:gold_ingot":9},"minecraft:killed":{"minecraft:pig":1,"minecraft:spider":5,"minecraft:skeleton":1,"minecraft:zombie":6,"minecraft:cow":7},"minecraft:used":{"minecraft:stone_pickaxe":17,"minecraft:wooden_pickaxe":3,"minecraft:diamond_axe":2,"minecraft:crafting_table":3,"cobblemon:healing_machine":1,"minecraft:diamond_pickaxe":3,"minecraft:bread":8,"minecraft:iron_pickaxe":1,"minecraft:stone_axe":62,"minecraft:cobblestone":4,"minecraft:oak_sapling":1},"minecraft:custom":{"minecraft:mob_kills":20,"minecraft:interact_with_crafting_table":7,"minecraft:leave_game":1,"minecraft:time_since_death":22364,"minecraft:climb_one_cm":452,"minecraft:time_since_rest":22427,"minecraft:sprint_one_cm":113260,"minecraft:damage_taken":445,"minecraft:walk_one_cm":76466,"minecraft:drop":24,"minecraft:damage_dealt":2999,"minecraft:swim_one_cm":27707,"minecraft:talked_to_villager":4,"minecraft:fly_one_cm":225388,"minecraft:open_chest":14,"minecraft:crouch_one_cm":714,"minecraft:play_time":38663,"minecraft:deaths":1,"minecraft:sneak_time":242,"minecraft:walk_under_water_one_cm":4975,"minecraft:jump":892,"minecraft:walk_on_water_one_cm":6611,"minecraft:total_world_time":38663,"minecraft:fall_one_cm":32417},"minecraft:killed_by":{"minecraft:creeper":1},"minecraft:picked_up":{"minecraft:crafting_table":4,"cobblemon:great_ball":3,"minecraft:chicken":1,"minecraft:nether_wart":5,"cobblemon:timer_ball":2,"minecraft:leather":18,"cobblemon:red_apricorn":9,"minecraft:potato":85,"minecraft:gold_block":1,"cobblemon:slate_ball":1,"minecraft:oak_log":15,"minecraft:string":8,"minecraft:dirt":11,"minecraft:red_bed":2,"cobblemon:heal_ball":2,"cobblemon:white_apricorn":8,"minecraft:apple":33,"cobblemon:black_apricorn":7,"minecraft:gold_nugget":3,"cobblemon:green_apricorn":19,"minecraft:rabbit_hide":3,"minecraft:beef":17,"minecraft:iron_ingot":2,"minecraft:iron_pickaxe":2,"minecraft:rabbit":2,"minecraft:sugar_cane":14,"minecraft:oak_planks":49,"minecraft:book":55,"cobblemon:net_ball":3,"cobblemon:black_apricorn_seed":1,"unimplemented_items:dry_root":1,"cobblemon:cheri_berry":24,"minecraft:porkchop":3,"minecraft:spider_eye":3,"cobblemon:healing_machine":3,"minecraft:arrow":2,"minecraft:decorated_pot":1,"minecraft:diamond":13,"cobblemon:poke_ball":2,"minecraft:stone_axe":1,"cobblemon:super_potion":1,"minecraft:gold_ingot":1,"minecraft:bread":17,"cobblemon:chesto_berry":8,"cobblemon:medicinal_leek":22,"minecraft:oak_sapling":1,"cobblemon:blue_apricorn":3,"cobblemon:repeat_ball":3,"minecraft:cobblestone":22},"minecraft:dropped":{"minecraft:stone_axe":1,"cobblemon:net_ball":2,"minecraft:porkchop":3,"unimplemented_items:dry_root":1,"minecraft:decorated_pot":1,"minecraft:chicken":1,"cobblemon:chesto_berry":8,"minecraft:rabbit_hide":3,"minecraft:dirt":11,"minecraft:gold_nugget":3,"minecraft:spider_eye":3,"minecraft:stone_pickaxe":1,"minecraft:beef":15,"minecraft:wooden_pickaxe":1,"minecraft:iron_pickaxe":2},"minecraft:mined":{"cobblemon:healing_machine":3,"minecraft:red_bed":1,"cobblemon:apricorn_leaves":2,"minecraft:crafting_table":3,"minecraft:decorated_pot":1,"minecraft:tall_grass":4,"minecraft:sugar_cane":7,"minecraft:gold_block":1,"cobblemon:medicinal_leek":5,"minecraft:bookshelf":18,"minecraft:oak_log":15,"minecraft:stone":15,"minecraft:oak_leaves":10}},"DataVersion":3465}