{"stats":{"minecraft:mined":{"minecraft:large_amethyst_bud":4,"minecraft:spruce_planks":1,"cobblemon:pc":3,"minecraft:obsidian":27,"minecraft:budding_amethyst":1,"minecraft:grass_block":17,"minecraft:mud_bricks":6,"minecraft:nether_wart":20,"minecraft:magma_block":1,"minecraft:iron_ore":9,"minecraft:fire":12,"minecraft:deepslate_lapis_ore":6,"minecraft:azure_bluet":1,"minecraft:nether_brick_stairs":2,"cobblemon:medicinal_leek":6,"minecraft:red_tulip":1,"minecraft:flowering_azalea_leaves":1,"minecraft:dirt_path":2,"minecraft:small_amethyst_bud":1,"minecraft:spruce_slab":1,"minecraft:red_bed":4,"minecraft:polished_deepslate_stairs":7,"minecraft:medium_amethyst_bud":2,"minecraft:amethyst_cluster":2,"minecraft:torch":1,"cobblemon:apricorn_leaves":2,"minecraft:light_gray_terracotta":8,"minecraft:blast_furnace":4,"minecraft:mud_brick_stairs":1,"minecraft:chest":3,"minecraft:cobblestone":8,"minecraft:sugar_cane":35,"minecraft:white_terracotta":16,"minecraft:potted_poppy":1,"minecraft:grass":53,"minecraft:oak_log":36,"minecraft:dirt":4,"minecraft:smooth_basalt":3,"minecraft:potted_red_tulip":1,"minecraft:netherrack":44,"minecraft:oak_leaves":11,"minecraft:deepslate":4,"minecraft:suspicious_gravel":13,"cobblemon:healing_machine":3,"minecraft:light_blue_stained_glass_pane":8,"minecraft:tuff":2,"minecraft:deepslate_diamond_ore":12,"cobblemon:moon_stone_ore":1,"minecraft:nether_bricks":17,"minecraft:spruce_fence":1,"minecraft:decorated_pot":1,"minecraft:spruce_leaves":1,"minecraft:large_fern":9,"minecraft:furnace":3,"minecraft:packed_mud":2,"minecraft:stripped_spruce_log":2,"minecraft:gold_block":1,"minecraft:polished_deepslate":4,"minecraft:bookshelf":63,"minecraft:lantern":2,"minecraft:stone":112,"minecraft:smithing_table":1,"minecraft:mud_brick_slab":5,"minecraft:soul_sand":20,"minecraft:lily_of_the_valley":1,"minecraft:crafting_table":11,"minecraft:tall_grass":28,"minecraft:copper_ore":13,"minecraft:lapis_ore":4,"cobblemon:relic_coin_pouch":1,"minecraft:coarse_dirt":17,"minecraft:sweet_berry_bush":22,"minecraft:gray_bed":2,"minecraft:birch_leaves":5,"minecraft:coal_ore":72,"minecraft:flower_pot":1,"minecraft:gravel":367,"minecraft:cobweb":10,"minecraft:brown_terracotta":13,"minecraft:polished_andesite":1,"minecraft:birch_fence":9,"minecraft:fern":7},"minecraft:picked_up":{"minecraft:flower_pot":3,"cobblemon:timer_ball":8,"minecraft:smithing_table":1,"cobblemon:red_apricorn":93,"minecraft:diamond_sword":6,"minecraft:polished_deepslate":4,"minecraft:string":64,"minecraft:raw_copper":55,"minecraft:armor_stand":1,"unimplemented_items:bottle_cap_gold":57,"minecraft:diamond_leggings":5,"minecraft:gold_nugget":51,"minecraft:cobbled_deepslate":3,"cobblemon:white_apricorn_seed":2,"minecraft:spruce_planks":1,"minecraft:iron_pickaxe":2,"cobblemon:big_root":10,"minecraft:furnace":3,"minecraft:stick":33,"cobblemon:net_ball":3,"cobblemon:pc":6,"minecraft:brown_terracotta":13,"minecraft:polished_deepslate_stairs":7,"minecraft:torch":70,"minecraft:porkchop":7,"cobblemon:never_melt_ice":1,"minecraft:golden_chestplate":1,"minecraft:rotten_flesh":8,"minecraft:command_block":6,"cobblemon:nostalgic_sherd":2,"minecraft:red_tulip":2,"cobblemon:super_potion":2,"minecraft:bookshelf":32,"minecraft:blaze_rod":15,"minecraft:obsidian":49,"cobblemon:repeat_ball":4,"minecraft:cobblestone":153,"cobblemon:great_ball":23,"minecraft:feather":4,"minecraft:cooked_beef":12,"minecraft:mud_brick_stairs":1,"minecraft:potato":230,"cobblemon:roseate_ball":40,"minecraft:flint":25,"minecraft:tuff":1,"cobblemon:dragon_gem":2,"minecraft:lantern":3,"minecraft:lapis_lazuli":57,"minecraft:dirt":30,"minecraft:bone":39,"minecraft:bow":1,"minecraft:wheat_seeds":13,"cobblemon:black_apricorn":40,"minecraft:rabbit":3,"minecraft:diamond_helmet":4,"cobblemon:moon_stone":1,"minecraft:oak_planks":80,"cobblemon:sun_stone":1,"cobblemon:kasib_berry":7,"minecraft:nether_brick_stairs":2,"minecraft:lily_of_the_valley":1,"cobblemon:healing_machine":4,"minecraft:light_gray_terracotta":5,"minecraft:polished_andesite":1,"cobblemon:dragon_scale":1,"minecraft:spruce_boat":4,"minecraft:diamond":432,"cobblemon:poke_ball":30,"minecraft:golden_apple":6,"minecraft:emerald":7,"minecraft:bread":17,"cobblemon:chesto_berry":8,"cobblemon:medicinal_leek":33,"minecraft:oak_sapling":1,"minecraft:netherrack":42,"minecraft:diamond_pickaxe":7,"minecraft:coarse_dirt":13,"minecraft:mud_brick_slab":6,"minecraft:crafting_table":13,"minecraft:azure_bluet":3,"minecraft:nether_wart":72,"minecraft:chicken":3,"cobblemon:yellow_apricorn":58,"minecraft:gold_block":1,"minecraft:shield":4,"minecraft:dragon_breath":8,"minecraft:red_bed":12,"minecraft:flint_and_steel":3,"cobblemon:white_apricorn":36,"minecraft:birch_fence":7,"minecraft:iron_shovel":1,"cobblemon:link_cable":1,"cobblemon:green_apricorn":88,"minecraft:beef":34,"cobblemon:relic_coin":103,"cobblemon:oval_stone":1,"minecraft:poppy":2,"cobblemon:tumblestone":24,"minecraft:sugar_cane":90,"minecraft:chest":3,"cobblemon:yache_berry":1,"minecraft:raw_iron":9,"minecraft:copper_ingot":87,"unimplemented_items:dry_root":5,"cobblemon:citrine_ball":117,"minecraft:redstone":3,"minecraft:iron_horse_armor":4,"minecraft:arrow":19,"minecraft:repeating_command_block":5,"minecraft:diamond_chestplate":5,"minecraft:decorated_pot":1,"cobblemon:everstone":1,"minecraft:nether_bricks":17,"minecraft:diamond_boots":6,"minecraft:hay_block":1,"minecraft:totem_of_undying":8,"minecraft:gold_ingot":55,"minecraft:mutton":3,"cobblemon:blue_apricorn":6,"minecraft:white_wool":4,"minecraft:heartbreak_pottery_sherd":1,"minecraft:mud_bricks":6,"minecraft:golden_carrot":12,"minecraft:burn_pottery_sherd":1,"minecraft:leather":48,"minecraft:filled_map":7,"minecraft:packed_mud":2,"cobblemon:slate_ball":1,"minecraft:oak_log":36,"minecraft:gunpowder":6,"cobblemon:focus_band":1,"cobblemon:pink_apricorn_seed":4,"cobblemon:heal_ball":4,"minecraft:apple":174,"cobblemon:exp_share":1,"minecraft:rabbit_hide":4,"minecraft:iron_ingot":91,"minecraft:blade_pottery_sherd":1,"minecraft:gray_bed":3,"cobblemon:sky_tumblestone":17,"minecraft:soul_sand":60,"minecraft:book":155,"cobblemon:red_apricorn_seed":4,"minecraft:smooth_basalt":3,"minecraft:sweet_berries":45,"minecraft:brush":5,"cobblemon:black_apricorn_seed":5,"cobblemon:dusk_ball":158,"cobblemon:twisted_spoon":6,"minecraft:gravel":446,"cobblemon:cheri_berry":24,"cobblemon:premier_ball":100,"cobblemon:yellow_apricorn_seed":3,"minecraft:amethyst_shard":8,"minecraft:blast_furnace":4,"cobblemon:pink_apricorn":8,"minecraft:spider_eye":4,"minecraft:diamond_shovel":3,"minecraft:stone_axe":1,"minecraft:diamond_axe":7,"minecraft:baked_potato":253,"minecraft:coal":103,"minecraft:ender_pearl":20},"minecraft:crafted":{"minecraft:oak_planks":136,"cobblemon:slate_ball":4,"minecraft:bookshelf":14,"minecraft:diamond_helmet":1,"minecraft:diamond_leggings":1,"minecraft:bow":1,"wherearemytms:move_machine":1,"minecraft:oak_button":1,"minecraft:diamond_axe":1,"minecraft:crafting_table":3,"minecraft:spruce_planks":8,"cobblemon:verdant_ball":16,"minecraft:wooden_pickaxe":1,"minecraft:baked_potato":85,"minecraft:copper_ingot":53,"minecraft:dispenser":1,"cobblemon:poke_ball":56,"minecraft:diamond_pickaxe":1,"minecraft:stick":84,"minecraft:iron_pickaxe":1,"minecraft:iron_ingot":8,"minecraft:gold_ingot":9,"minecraft:furnace":5,"minecraft:bone_meal":51,"cobblemon:premier_ball":20,"minecraft:stone_pickaxe":1,"minecraft:diamond_boots":1,"cobblemon:citrine_ball":24,"minecraft:cooked_beef":10,"wherearemytms:blank_tm":5,"minecraft:diamond_sword":1,"minecraft:enchanting_table":1,"cobblemon:roseate_ball":8,"minecraft:stone_axe":1,"minecraft:air":0,"minecraft:iron_shovel":1,"minecraft:torch":40,"cobblemon:ultra_ball":12,"minecraft:diamond_chestplate":1},"minecraft:killed_by":{"cobblemon:pokemon":1,"minecraft:creeper":1,"minecraft:drowned":1},"minecraft:custom":{"minecraft:interact_with_crafting_table":40,"minecraft:open_barrel":2,"minecraft:leave_game":3,"minecraft:time_since_death":164772,"minecraft:sprint_one_cm":825109,"minecraft:drop":285,"minecraft:talked_to_villager":11,"minecraft:play_time":783101,"minecraft:deaths":8,"minecraft:jump":7784,"minecraft:walk_on_water_one_cm":49176,"minecraft:enchant_item":1,"minecraft:interact_with_furnace":34,"minecraft:sleep_in_bed":10,"minecraft:damage_dealt":16718,"minecraft:player_kills":2,"minecraft:crouch_one_cm":16818,"minecraft:mob_kills":107,"minecraft:climb_one_cm":6357,"minecraft:walk_one_cm":1094105,"minecraft:sneak_time":7216,"minecraft:walk_under_water_one_cm":56587,"minecraft:boat_one_cm":26055,"minecraft:interact_with_blast_furnace":11,"minecraft:total_world_time":783101,"minecraft:pot_flower":1,"minecraft:time_since_rest":87930,"minecraft:damage_taken":7942,"minecraft:swim_one_cm":76696,"minecraft:fly_one_cm":1454519,"minecraft:open_chest":90,"minecraft:fall_one_cm":282857},"minecraft:dropped":{"minecraft:porkchop":4,"unimplemented_items:dry_root":5,"minecraft:baked_potato":40,"minecraft:ender_pearl":20,"minecraft:diamond":21,"cobblemon:sun_stone":1,"minecraft:cooked_porkchop":2,"minecraft:decorated_pot":1,"cobblemon:focus_band":1,"minecraft:iron_horse_armor":4,"cobblemon:oval_stone":1,"cobblemon:exp_share":2,"minecraft:dragon_breath":8,"minecraft:flint":20,"minecraft:emerald":7,"minecraft:dirt":19,"minecraft:brush":2,"cobblemon:poke_ball":41,"minecraft:mutton":3,"cobblemon:nostalgic_sherd":1,"minecraft:gold_nugget":15,"minecraft:iron_pickaxe":2,"cobblemon:great_ball":17,"minecraft:white_wool":4,"minecraft:gold_ingot":4,"minecraft:bone":1,"minecraft:gravel":420,"minecraft:stone_axe":1,"minecraft:iron_nugget":11,"minecraft:golden_chestplate":1,"minecraft:obsidian":1,"minecraft:rotten_flesh":8,"cobblemon:dusk_ball":29,"cobblemon:chesto_berry":8,"cobblemon:dragon_scale":1,"cobblemon:black_apricorn_seed":1,"cobblemon:never_melt_ice":1,"minecraft:poppy":1,"minecraft:rabbit_hide":4,"minecraft:gunpowder":4,"minecraft:blade_pottery_sherd":1,"minecraft:chest":1,"cobblemon:dragon_gem":2,"minecraft:arrow":2,"cobblemon:citrine_ball":14,"minecraft:beef":18,"minecraft:netherrack":2,"cobblemon:twisted_spoon":6,"minecraft:wheat_seeds":13,"minecraft:bookshelf":2,"minecraft:cobblestone":22,"minecraft:feather":4,"cobblemon:sky_tumblestone":1,"minecraft:command_block":4,"minecraft:burn_pottery_sherd":1,"minecraft:stick":5,"cobblemon:medicinal_leek":11,"minecraft:golden_carrot":1,"minecraft:rabbit":3,"minecraft:brown_terracotta":9,"minecraft:iron_shovel":2,"minecraft:string":7,"minecraft:redstone":3,"minecraft:smooth_basalt":3,"cobblemon:net_ball":2,"minecraft:sweet_berries":21,"minecraft:chicken":3,"minecraft:totem_of_undying":2,"minecraft:filled_map":2,"cobblemon:everstone":1,"minecraft:hay_block":1,"minecraft:spruce_boat":2,"cobblemon:timer_ball":4,"minecraft:flower_pot":1,"cobblemon:healing_machine":1,"cobblemon:pc":1,"cobblemon:kasib_berry":7,"minecraft:spider_eye":4,"minecraft:stone_pickaxe":1,"minecraft:wooden_pickaxe":1,"minecraft:red_tulip":2,"minecraft:heartbreak_pottery_sherd":1},"minecraft:used":{"minecraft:light_gray_stained_glass_pane":2,"minecraft:iron_shovel":212,"minecraft:chest":2,"minecraft:lily_of_the_valley":1,"minecraft:nether_bricks":17,"minecraft:tuff":1,"minecraft:azure_bluet":3,"minecraft:obsidian":22,"minecraft:polished_deepslate_stairs":7,"minecraft:spruce_boat":2,"minecraft:lava_bucket":1,"minecraft:lantern":3,"minecraft:packed_mud":2,"minecraft:sweet_berries":24,"minecraft:oak_sapling":1,"minecraft:furnace":8,"minecraft:gray_bed":3,"minecraft:diamond_boots":2,"minecraft:stone_pickaxe":17,"minecraft:wooden_pickaxe":3,"minecraft:diamond_axe":155,"minecraft:blast_furnace":4,"minecraft:light_gray_terracotta":5,"cobblemon:yellow_apricorn_seed":1,"minecraft:birch_fence":7,"minecraft:bread":28,"wherearemytms:blank_hm":4,"minecraft:gravel":16,"wherearemytms:move_machine":5,"minecraft:diamond_sword":155,"minecraft:suspicious_gravel":12,"minecraft:smithing_table":1,"minecraft:coarse_dirt":13,"minecraft:bone_meal":51,"minecraft:enchanting_table":1,"minecraft:flint_and_steel":7,"minecraft:spruce_planks":1,"minecraft:torch":61,"minecraft:dirt":11,"minecraft:mud_brick_stairs":1,"minecraft:nether_brick_stairs":2,"minecraft:brown_terracotta":4,"minecraft:bookshelf":42,"minecraft:mud_bricks":6,"cobblemon:pc":1,"minecraft:diamond_chestplate":1,"minecraft:golden_carrot":10,"minecraft:cooked_beef":18,"minecraft:water_bucket":5,"minecraft:polished_andesite":1,"minecraft:baked_potato":38,"minecraft:mud_brick_slab":6,"minecraft:crafting_table":13,"minecraft:red_bed":5,"cobblemon:healing_machine":2,"minecraft:oak_log":2,"minecraft:flower_pot":2,"minecraft:diamond_pickaxe":423,"minecraft:diamond_shovel":220,"minecraft:iron_pickaxe":1,"minecraft:stone_axe":62,"minecraft:cobblestone":58,"minecraft:cooked_porkchop":7,"minecraft:bucket":7,"minecraft:brush":187,"minecraft:diamond_leggings":1},"minecraft:killed":{"minecraft:witch":1,"minecraft:spider":11,"minecraft:skeleton":9,"minecraft:piglin":1,"minecraft:pig":1,"minecraft:creeper":2,"minecraft:pillager":3,"minecraft:zombie":18,"minecraft:ghast":2,"minecraft:cow":13,"minecraft:blaze":4,"minecraft:evoker":1,"minecraft:drowned":2,"cobblemon:pokemon":2,"minecraft:wither_skeleton":5,"minecraft:player":2,"minecraft:villager":2}},"DataVersion":3465}