{"stats":{"minecraft:custom":{"minecraft:interact_with_crafting_table":55,"minecraft:open_barrel":2,"minecraft:leave_game":4,"minecraft:time_since_death":156383,"minecraft:sprint_one_cm":1122079,"minecraft:damage_blocked_by_shield":1705,"minecraft:drop":339,"minecraft:talked_to_villager":11,"minecraft:play_time":953358,"minecraft:deaths":9,"minecraft:jump":10014,"minecraft:walk_on_water_one_cm":83381,"minecraft:enchant_item":1,"minecraft:interact_with_furnace":53,"minecraft:sleep_in_bed":15,"minecraft:damage_dealt":24411,"minecraft:player_kills":2,"minecraft:crouch_one_cm":56278,"minecraft:mob_kills":207,"minecraft:climb_one_cm":9538,"minecraft:walk_one_cm":1529092,"minecraft:sneak_time":16878,"minecraft:walk_under_water_one_cm":70204,"minecraft:boat_one_cm":26055,"minecraft:interact_with_blast_furnace":15,"minecraft:total_world_time":953358,"minecraft:pot_flower":1,"minecraft:interact_with_stonecutter":2,"minecraft:time_since_rest":52309,"minecraft:damage_taken":9583,"minecraft:swim_one_cm":78298,"minecraft:fly_one_cm":2484590,"minecraft:open_chest":169,"minecraft:fall_one_cm":338009},"minecraft:used":{"minecraft:nether_brick_fence":4,"minecraft:light_gray_stained_glass_pane":2,"minecraft:iron_shovel":212,"minecraft:diamond_hoe":124,"minecraft:chest":4,"minecraft:shield":50,"minecraft:lily_of_the_valley":1,"minecraft:nether_bricks":63,"minecraft:tuff":1,"minecraft:azure_bluet":3,"minecraft:obsidian":22,"minecraft:polished_deepslate_stairs":7,"minecraft:spruce_boat":2,"minecraft:lava_bucket":1,"minecraft:lantern":3,"minecraft:packed_mud":2,"minecraft:sweet_berries":24,"minecraft:oak_sapling":1,"minecraft:furnace":10,"minecraft:gray_bed":3,"minecraft:potato":162,"minecraft:diamond_boots":2,"minecraft:end_stone_bricks":9,"minecraft:stone_pickaxe":17,"minecraft:ender_pearl":5,"minecraft:wooden_pickaxe":3,"minecraft:diamond_axe":194,"minecraft:blast_furnace":4,"minecraft:light_gray_terracotta":5,"cobblemon:yellow_apricorn_seed":12,"minecraft:shears":133,"minecraft:birch_fence":7,"minecraft:bread":28,"wherearemytms:blank_hm":4,"minecraft:gravel":16,"wherearemytms:move_machine":5,"minecraft:diamond_sword":267,"minecraft:fire_charge":2,"minecraft:suspicious_gravel":12,"minecraft:smithing_table":1,"minecraft:coarse_dirt":13,"minecraft:bone_meal":439,"minecraft:enchanting_table":1,"minecraft:flint_and_steel":7,"minecraft:spruce_planks":1,"minecraft:netherrack":17,"minecraft:torch":63,"minecraft:dirt":596,"minecraft:mud_brick_stairs":1,"minecraft:nether_brick_stairs":3,"minecraft:brown_terracotta":4,"minecraft:bookshelf":47,"minecraft:mud_bricks":6,"cobblemon:pc":2,"minecraft:diamond_chestplate":2,"minecraft:golden_carrot":10,"minecraft:cooked_beef":18,"minecraft:water_bucket":5,"minecraft:baked_potato":77,"minecraft:polished_andesite":1,"minecraft:mud_brick_slab":6,"minecraft:stonecutter":1,"minecraft:crafting_table":13,"minecraft:red_bed":7,"cobblemon:black_apricorn_seed":14,"cobblemon:white_apricorn_seed":38,"cobblemon:healing_machine":2,"minecraft:oak_log":2,"cobblemon:apricorn_leaves":16,"minecraft:diamond_pickaxe":853,"minecraft:flower_pot":2,"minecraft:apple":4,"minecraft:diamond_shovel":816,"cobblemon:apricorn_slab":4,"minecraft:oak_button":1,"minecraft:iron_pickaxe":1,"megamons:slowbronite_crystal_ore":2,"minecraft:stone_axe":62,"minecraft:cobblestone":58,"minecraft:cooked_porkchop":7,"minecraft:bucket":7,"minecraft:brush":187,"minecraft:diamond_leggings":3},"minecraft:killed_by":{"cobblemon:pokemon":1,"minecraft:creeper":1,"minecraft:drowned":1},"minecraft:mined":{"minecraft:large_amethyst_bud":4,"minecraft:spruce_planks":1,"cobblemon:apricorn_log":14,"cobblemon:pc":3,"minecraft:obsidian":27,"minecraft:budding_amethyst":1,"minecraft:grass_block":430,"minecraft:mud_bricks":6,"minecraft:nether_wart":33,"minecraft:magma_block":1,"minecraft:iron_ore":11,"minecraft:fire":17,"minecraft:deepslate_lapis_ore":6,"minecraft:nether_brick_stairs":3,"minecraft:azure_bluet":1,"cobblemon:medicinal_leek":6,"minecraft:red_tulip":1,"minecraft:flowering_azalea_leaves":1,"minecraft:dirt_path":2,"minecraft:small_amethyst_bud":1,"cobblemon:white_apricorn":1,"megamons:pidgeotite_crystal_ore":1,"minecraft:end_stone_bricks":9,"cobblemon:apricorn_slab":4,"minecraft:spruce_slab":1,"megamons:anistarite_geode_block":17,"minecraft:red_bed":5,"minecraft:polished_deepslate_stairs":7,"minecraft:medium_amethyst_bud":2,"minecraft:amethyst_cluster":2,"cobblemon:apricorn_leaves":140,"minecraft:torch":2,"minecraft:light_gray_terracotta":8,"minecraft:blast_furnace":4,"minecraft:mud_brick_stairs":1,"minecraft:chest":3,"minecraft:cobblestone":8,"minecraft:sugar_cane":35,"minecraft:wall_torch":1,"minecraft:white_terracotta":16,"minecraft:potted_poppy":1,"minecraft:grass":64,"minecraft:oak_log":53,"minecraft:dirt":155,"minecraft:smooth_basalt":3,"minecraft:potted_red_tulip":1,"minecraft:netherrack":76,"minecraft:oak_leaves":11,"minecraft:deepslate":17,"minecraft:suspicious_gravel":13,"cobblemon:healing_machine":3,"minecraft:light_blue_stained_glass_pane":8,"minecraft:tuff":5,"minecraft:deepslate_diamond_ore":12,"cobblemon:moon_stone_ore":1,"minecraft:nether_bricks":80,"minecraft:spruce_fence":1,"minecraft:decorated_pot":1,"minecraft:spruce_leaves":1,"minecraft:large_fern":10,"minecraft:packed_mud":2,"minecraft:furnace":5,"minecraft:andesite":97,"minecraft:stripped_spruce_log":2,"minecraft:gold_block":1,"minecraft:nether_brick_fence":4,"minecraft:polished_deepslate":4,"minecraft:bookshelf":63,"minecraft:potatoes":160,"minecraft:lantern":2,"minecraft:stone":276,"minecraft:smithing_table":1,"megamons:anistarite_rough_geode_block":3,"minecraft:mud_brick_slab":5,"minecraft:soul_sand":37,"cobblemon:black_apricorn_sapling":4,"minecraft:lily_of_the_valley":1,"minecraft:crafting_table":11,"minecraft:copper_ore":17,"minecraft:tall_grass":28,"minecraft:lapis_ore":4,"cobblemon:relic_coin_pouch":1,"cobblemon:yellow_apricorn_sapling":1,"minecraft:coarse_dirt":17,"minecraft:sweet_berry_bush":22,"minecraft:gray_bed":2,"minecraft:birch_leaves":5,"minecraft:coal_ore":73,"minecraft:gravel":376,"minecraft:flower_pot":1,"minecraft:brown_terracotta":13,"minecraft:cobweb":10,"minecraft:polished_andesite":1,"minecraft:birch_fence":9,"minecraft:fern":8},"minecraft:picked_up":{"minecraft:nether_brick_fence":4,"minecraft:flower_pot":3,"cobblemon:timer_ball":8,"minecraft:smithing_table":1,"minecraft:stone_slab":1,"cobblemon:red_apricorn":93,"minecraft:diamond_sword":7,"minecraft:polished_deepslate":4,"minecraft:string":65,"minecraft:raw_copper":67,"minecraft:armor_stand":1,"unimplemented_items:bottle_cap_gold":70,"minecraft:diamond_leggings":6,"minecraft:gold_nugget":69,"minecraft:cobbled_deepslate":15,"cobblemon:white_apricorn_seed":2,"minecraft:spruce_planks":1,"minecraft:white_tulip":1,"minecraft:iron_pickaxe":2,"cobblemon:big_root":12,"minecraft:furnace":5,"cobblemon:apricorn_log":13,"minecraft:stick":33,"cobblemon:net_ball":3,"cobblemon:pc":6,"minecraft:brown_terracotta":13,"minecraft:polished_deepslate_stairs":7,"minecraft:torch":72,"minecraft:porkchop":7,"cobblemon:never_melt_ice":1,"minecraft:golden_chestplate":1,"minecraft:stone_sword":11,"minecraft:command_block":7,"minecraft:rotten_flesh":16,"cobblemon:nostalgic_sherd":2,"minecraft:red_tulip":2,"cobblemon:super_potion":2,"minecraft:bookshelf":32,"minecraft:blaze_rod":22,"minecraft:obsidian":49,"cobblemon:repeat_ball":4,"minecraft:cobblestone":310,"minecraft:cooked_beef":12,"minecraft:feather":6,"cobblemon:great_ball":23,"cobblemon:ultra_ball":12,"minecraft:magma_cream":10,"minecraft:andesite":93,"cobblemon:metal_coat":1,"minecraft:mud_brick_stairs":1,"minecraft:potato":741,"cobblemon:roseate_ball":48,"minecraft:flint":27,"minecraft:tuff":4,"cobblemon:dragon_gem":2,"cobblemon:soft_sand":1,"minecraft:wither_skeleton_skull":3,"minecraft:lantern":3,"minecraft:lapis_lazuli":57,"megamons:anistarite_geode_block":16,"minecraft:dirt":601,"minecraft:bone":216,"cobblemon:apricorn_slab":4,"wherearemytms:blank_tm":11,"minecraft:bow":1,"minecraft:wheat_seeds":20,"cobblemon:black_apricorn":104,"minecraft:rabbit":3,"minecraft:diamond_helmet":5,"cobblemon:moon_stone":1,"minecraft:oak_planks":80,"cobblemon:sun_stone":1,"cobblemon:kasib_berry":7,"minecraft:poisonous_potato":9,"minecraft:nether_brick_stairs":3,"minecraft:ink_sac":5,"cobblemon:aspear_berry":16,"minecraft:lily_of_the_valley":1,"megamons:anistarite_rough_geode_block":3,"cobblemon:healing_machine":4,"minecraft:light_gray_terracotta":5,"minecraft:polished_andesite":1,"cobblemon:dragon_scale":1,"minecraft:spruce_boat":4,"minecraft:diamond":504,"cobblemon:poke_ball":32,"minecraft:golden_apple":7,"cobblemon:apricorn_leaves":132,"minecraft:emerald":7,"minecraft:bread":17,"cobblemon:chesto_berry":34,"cobblemon:medicinal_leek":33,"minecraft:oak_sapling":1,"minecraft:netherrack":72,"minecraft:diamond_pickaxe":8,"minecraft:end_stone_bricks":9,"minecraft:coarse_dirt":13,"minecraft:charcoal":1,"minecraft:mud_brick_slab":6,"minecraft:crafting_table":13,"minecraft:azure_bluet":3,"minecraft:chicken":4,"minecraft:nether_wart":116,"cobblemon:yellow_apricorn":67,"minecraft:gold_block":1,"minecraft:shield":5,"minecraft:dragon_breath":8,"minecraft:red_bed":14,"minecraft:flint_and_steel":3,"cobblemon:white_apricorn":45,"minecraft:iron_shovel":1,"minecraft:birch_fence":7,"cobblemon:link_cable":1,"cobblemon:green_apricorn":104,"minecraft:beef":34,"cobblemon:relic_coin":115,"cobblemon:oval_stone":1,"minecraft:poppy":2,"cobblemon:tumblestone":30,"minecraft:sugar_cane":90,"minecraft:chest":3,"minecraft:raw_iron":11,"cobblemon:yache_berry":1,"minecraft:copper_ingot":87,"unimplemented_items:dry_root":16,"megamons:raw_pidgeotite":1,"minecraft:fire_charge":2,"cobblemon:citrine_ball":124,"minecraft:redstone":3,"minecraft:iron_horse_armor":4,"minecraft:arrow":36,"minecraft:repeating_command_block":5,"minecraft:diamond_chestplate":6,"minecraft:decorated_pot":1,"cobblemon:everstone":1,"minecraft:nether_bricks":79,"minecraft:diamond_boots":7,"minecraft:hay_block":1,"minecraft:gold_ingot":72,"minecraft:totem_of_undying":9,"minecraft:mutton":3,"cobblemon:blue_apricorn":6,"minecraft:white_wool":4,"minecraft:heartbreak_pottery_sherd":1,"minecraft:mud_bricks":6,"minecraft:golden_carrot":12,"minecraft:burn_pottery_sherd":1,"minecraft:leather":48,"minecraft:filled_map":9,"minecraft:packed_mud":2,"cobblemon:slate_ball":1,"minecraft:oak_log":53,"minecraft:gunpowder":9,"cobblemon:focus_band":1,"cobblemon:pink_apricorn_seed":4,"cobblemon:heal_ball":4,"minecraft:apple":175,"cobblemon:exp_share":1,"minecraft:rabbit_hide":4,"minecraft:iron_ingot":91,"minecraft:blade_pottery_sherd":1,"minecraft:gray_bed":3,"cobblemon:sky_tumblestone":17,"minecraft:soul_sand":77,"minecraft:book":158,"cobblemon:red_apricorn_seed":4,"minecraft:smooth_basalt":3,"minecraft:sweet_berries":45,"minecraft:brush":6,"cobblemon:black_apricorn_seed":20,"cobblemon:dusk_ball":196,"cobblemon:twisted_spoon":12,"minecraft:gravel":461,"cobblemon:cheri_berry":24,"cobblemon:premier_ball":133,"cobblemon:yellow_apricorn_seed":6,"minecraft:amethyst_shard":8,"minecraft:blast_furnace":4,"cobblemon:pink_apricorn":8,"minecraft:spruce_log":1,"minecraft:spider_eye":7,"cobblemon:haban_berry":1,"minecraft:diamond_shovel":3,"minecraft:stone_axe":1,"minecraft:diamond_axe":8,"minecraft:oak_button":2,"minecraft:baked_potato":297,"minecraft:coal":224,"minecraft:ender_pearl":45},"minecraft:dropped":{"minecraft:porkchop":4,"unimplemented_items:dry_root":5,"minecraft:baked_potato":59,"minecraft:ender_pearl":20,"minecraft:diamond":21,"cobblemon:sun_stone":1,"minecraft:cooked_porkchop":2,"minecraft:decorated_pot":1,"cobblemon:metal_coat":1,"minecraft:iron_horse_armor":4,"cobblemon:focus_band":1,"cobblemon:oval_stone":1,"cobblemon:exp_share":2,"minecraft:dragon_breath":8,"minecraft:flint":21,"minecraft:emerald":7,"minecraft:dirt":19,"minecraft:brush":2,"cobblemon:poke_ball":41,"minecraft:mutton":3,"cobblemon:nostalgic_sherd":1,"minecraft:gold_nugget":15,"minecraft:bone_meal":6,"minecraft:iron_pickaxe":2,"cobblemon:great_ball":17,"minecraft:white_wool":4,"minecraft:gold_ingot":4,"minecraft:bone":95,"minecraft:gravel":420,"minecraft:white_tulip":1,"minecraft:stone_axe":1,"minecraft:iron_nugget":11,"minecraft:golden_chestplate":1,"minecraft:obsidian":1,"minecraft:rotten_flesh":11,"cobblemon:dusk_ball":29,"cobblemon:chesto_berry":34,"minecraft:diamond_shovel":1,"cobblemon:dragon_scale":1,"cobblemon:black_apricorn_seed":1,"cobblemon:never_melt_ice":1,"minecraft:poppy":1,"minecraft:rabbit_hide":4,"cobblemon:aspear_berry":16,"minecraft:gunpowder":4,"minecraft:charcoal":1,"minecraft:blade_pottery_sherd":1,"minecraft:chest":1,"cobblemon:dragon_gem":2,"minecraft:arrow":2,"minecraft:beef":18,"cobblemon:citrine_ball":14,"minecraft:netherrack":22,"cobblemon:twisted_spoon":6,"minecraft:wheat_seeds":20,"minecraft:bookshelf":2,"minecraft:diamond_leggings":1,"minecraft:poisonous_potato":9,"minecraft:cobblestone":22,"minecraft:feather":6,"cobblemon:sky_tumblestone":1,"megamons:cut_pidgeotite":1,"minecraft:command_block":4,"minecraft:burn_pottery_sherd":1,"minecraft:stick":5,"cobblemon:medicinal_leek":11,"minecraft:golden_carrot":1,"minecraft:ink_sac":3,"minecraft:rabbit":3,"minecraft:diamond_helmet":1,"minecraft:brown_terracotta":9,"wherearemytms:blank_tm":7,"minecraft:iron_shovel":2,"minecraft:string":7,"minecraft:redstone":3,"minecraft:smooth_basalt":3,"cobblemon:net_ball":2,"minecraft:sweet_berries":21,"minecraft:stone_sword":2,"minecraft:chicken":4,"minecraft:stone_slab":1,"megamons:mega_cuff":1,"minecraft:nether_bricks":16,"minecraft:totem_of_undying":2,"minecraft:filled_map":2,"cobblemon:everstone":1,"minecraft:hay_block":1,"minecraft:spruce_boat":2,"minecraft:flower_pot":1,"minecraft:shield":1,"cobblemon:timer_ball":4,"minecraft:oak_button":2,"minecraft:diamond_chestplate":1,"cobblemon:healing_machine":1,"minecraft:andesite":93,"cobblemon:pc":1,"cobblemon:kasib_berry":7,"minecraft:spider_eye":9,"minecraft:diamond_boots":1,"minecraft:spruce_log":1,"cobblemon:pokemon_model":1,"minecraft:stone_pickaxe":1,"minecraft:wooden_pickaxe":1,"minecraft:red_tulip":2,"cobblemon:soft_sand":1,"minecraft:heartbreak_pottery_sherd":1},"minecraft:killed":{"minecraft:witch":1,"minecraft:spider":12,"minecraft:skeleton":11,"minecraft:wolf":1,"minecraft:magma_cube":13,"minecraft:piglin":1,"minecraft:pig":1,"minecraft:creeper":2,"minecraft:pillager":3,"minecraft:zombie":19,"minecraft:ghast":2,"minecraft:blaze":9,"minecraft:cow":13,"minecraft:evoker":1,"minecraft:drowned":2,"cobblemon:pokemon":3,"minecraft:wither_skeleton":65,"minecraft:player":2,"minecraft:villager":2},"minecraft:crafted":{"minecraft:oak_planks":204,"cobblemon:slate_ball":4,"minecraft:stone":3,"minecraft:diamond_shovel":2,"minecraft:bookshelf":14,"minecraft:diamond_helmet":2,"minecraft:diamond_leggings":2,"minecraft:bow":1,"wherearemytms:move_machine":1,"minecraft:chest":2,"minecraft:oak_button":1,"minecraft:diamond_axe":1,"minecraft:crafting_table":3,"minecraft:spruce_planks":8,"cobblemon:verdant_ball":16,"minecraft:wooden_pickaxe":1,"minecraft:baked_potato":106,"megamons:key_stone":1,"minecraft:copper_ingot":53,"minecraft:dispenser":1,"cobblemon:poke_ball":56,"minecraft:diamond_pickaxe":1,"minecraft:shield":1,"minecraft:stick":84,"minecraft:iron_pickaxe":1,"minecraft:iron_ingot":11,"minecraft:stone_sword":8,"minecraft:gold_ingot":9,"minecraft:furnace":5,"minecraft:bone_meal":288,"cobblemon:premier_ball":20,"megamons:mega_cuff":1,"minecraft:stone_pickaxe":1,"minecraft:diamond_boots":2,"cobblemon:citrine_ball":24,"minecraft:cooked_beef":10,"wherearemytms:blank_tm":5,"minecraft:diamond_sword":1,"minecraft:enchanting_table":1,"cobblemon:roseate_ball":8,"minecraft:stone_axe":1,"minecraft:air":0,"minecraft:blue_dye":1,"minecraft:iron_shovel":1,"minecraft:stonecutter":1,"minecraft:torch":40,"cobblemon:ultra_ball":12,"minecraft:diamond_chestplate":2}},"DataVersion":3465}