{"stats":{"minecraft:killed":{"minecraft:pig":1,"minecraft:zombie":4},"minecraft:used":{"minecraft:flint_and_steel":1,"minecraft:armor_stand":1,"minecraft:iron_sword":21,"minecraft:crafting_table":1,"cobblemon:healing_machine":2,"minecraft:honey_bottle":2,"minecraft:flower_pot":1,"minecraft:bread":3,"minecraft:iron_pickaxe":9,"minecraft:sweet_berries":4,"minecraft:egg":1,"minecraft:candle":2},"minecraft:mined":{"cobblemon:healing_machine":3,"minecraft:light_gray_stained_glass_pane":2,"minecraft:candle":5,"minecraft:crafting_table":1,"minecraft:iron_ore":3,"minecraft:sweet_berry_bush":1,"minecraft:ice":1,"minecraft:bee_nest":1,"minecraft:grass":7,"minecraft:oak_log":2,"minecraft:coal_ore":1,"minecraft:stone":1,"minecraft:player_head":3},"minecraft:picked_up":{"minecraft:crafting_table":2,"minecraft:leather_chestplate":2,"minecraft:chicken":4,"minecraft:leather_leggings":2,"minecraft:oak_log":2,"minecraft:string":2,"minecraft:flint_and_steel":1,"cobblemon:luxury_ball":2,"minecraft:armor_stand":1,"minecraft:wheat_seeds":2,"minecraft:candle":11,"minecraft:player_head":6,"minecraft:iron_pickaxe":1,"minecraft:iron_sword":1,"minecraft:egg":1,"minecraft:stick":5,"minecraft:raw_iron":6,"cobblemon:net_ball":4,"minecraft:sweet_berries":4,"unimplemented_items:dry_root":1,"minecraft:porkchop":9,"cobblemon:healing_machine":4,"minecraft:honey_bottle":1,"minecraft:rotten_flesh":2,"minecraft:diamond":4,"cobblemon:poke_ball":1,"minecraft:gold_ingot":4,"cobblemon:chesto_berry":5,"minecraft:mutton":2,"minecraft:coal":2,"minecraft:white_wool":1,"minecraft:cobblestone":2},"minecraft:killed_by":{"minecraft:zombie":2},"minecraft:crafted":{"minecraft:oak_planks":8,"minecraft:crafting_table":1,"minecraft:iron_sword":1,"minecraft:stick":8,"minecraft:iron_pickaxe":1},"minecraft:dropped":{"minecraft:porkchop":3,"minecraft:glass_bottle":1,"minecraft:chicken":3,"cobblemon:chesto_berry":5,"minecraft:mutton":2,"minecraft:white_wool":1},"minecraft:custom":{"minecraft:interact_with_smithing_table":2,"minecraft:mob_kills":5,"minecraft:interact_with_crafting_table":4,"minecraft:interact_with_loom":1,"minecraft:pot_flower":1,"minecraft:interact_with_grindstone":1,"minecraft:leave_game":1,"minecraft:time_since_death":12818,"minecraft:sleep_in_bed":1,"minecraft:climb_one_cm":848,"minecraft:time_since_rest":4656,"minecraft:sprint_one_cm":125841,"minecraft:damage_taken":618,"minecraft:walk_one_cm":204306,"minecraft:drop":15,"minecraft:damage_dealt":1212,"minecraft:swim_one_cm":6723,"minecraft:talked_to_villager":1,"minecraft:fly_one_cm":178278,"minecraft:open_chest":15,"minecraft:crouch_one_cm":1324,"minecraft:play_time":49094,"minecraft:deaths":2,"minecraft:sneak_time":632,"minecraft:walk_under_water_one_cm":9622,"minecraft:jump":867,"minecraft:walk_on_water_one_cm":7117,"minecraft:total_world_time":49094,"minecraft:fall_one_cm":20749}},"DataVersion":3465}