{"stats":{"minecraft:killed":{"minecraft:zombie":4,"minecraft:pig":1},"minecraft:used":{"minecraft:flint_and_steel":1,"minecraft:armor_stand":1,"minecraft:bread":3,"minecraft:iron_pickaxe":9,"minecraft:iron_sword":21,"minecraft:sweet_berries":4,"minecraft:crafting_table":1,"minecraft:egg":1,"cobblemon:healing_machine":2,"minecraft:candle":2,"minecraft:honey_bottle":2},"minecraft:mined":{"cobblemon:healing_machine":3,"minecraft:candle":3,"minecraft:iron_ore":3,"minecraft:sweet_berry_bush":1,"minecraft:crafting_table":1,"minecraft:grass":7,"minecraft:coal_ore":1,"minecraft:oak_log":2,"minecraft:stone":1,"minecraft:player_head":3},"minecraft:picked_up":{"minecraft:crafting_table":2,"minecraft:stick":5,"minecraft:raw_iron":6,"cobblemon:net_ball":4,"minecraft:leather_chestplate":2,"minecraft:chicken":4,"minecraft:sweet_berries":4,"minecraft:leather_leggings":2,"unimplemented_items:dry_root":1,"minecraft:porkchop":9,"minecraft:oak_log":2,"minecraft:string":2,"cobblemon:luxury_ball":2,"minecraft:flint_and_steel":1,"cobblemon:healing_machine":4,"minecraft:armor_stand":1,"minecraft:honey_bottle":1,"minecraft:rotten_flesh":2,"minecraft:diamond":4,"cobblemon:poke_ball":1,"minecraft:wheat_seeds":2,"minecraft:candle":6,"minecraft:player_head":6,"minecraft:gold_ingot":4,"minecraft:iron_pickaxe":1,"minecraft:iron_sword":1,"minecraft:coal":2,"minecraft:cobblestone":2,"minecraft:egg":1},"minecraft:killed_by":{"minecraft:zombie":2},"minecraft:crafted":{"minecraft:oak_planks":8,"minecraft:crafting_table":1,"minecraft:stick":8,"minecraft:iron_pickaxe":1,"minecraft:iron_sword":1},"minecraft:dropped":{"minecraft:porkchop":3,"minecraft:glass_bottle":1,"minecraft:chicken":3},"minecraft:custom":{"minecraft:interact_with_smithing_table":1,"minecraft:time_since_rest":1267,"minecraft:sprint_one_cm":94812,"minecraft:damage_taken":588,"minecraft:walk_one_cm":153756,"minecraft:mob_kills":5,"minecraft:drop":7,"minecraft:damage_dealt":1212,"minecraft:interact_with_crafting_table":3,"minecraft:swim_one_cm":6723,"minecraft:fly_one_cm":135191,"minecraft:talked_to_villager":1,"minecraft:play_time":37094,"minecraft:open_chest":10,"minecraft:crouch_one_cm":1324,"minecraft:interact_with_loom":1,"minecraft:deaths":2,"minecraft:sneak_time":632,"minecraft:walk_under_water_one_cm":9199,"minecraft:jump":663,"minecraft:leave_game":1,"minecraft:time_since_death":818,"minecraft:walk_on_water_one_cm":6450,"minecraft:total_world_time":37094,"minecraft:climb_one_cm":848,"minecraft:fall_one_cm":15084}},"DataVersion":3465}