{"stats":{"minecraft:killed":{"minecraft:pig":1,"minecraft:sheep":2,"minecraft:zombie":4},"minecraft:used":{"minecraft:flint_and_steel":1,"minecraft:armor_stand":1,"minecraft:wooden_pickaxe":19,"minecraft:iron_sword":21,"minecraft:crafting_table":3,"cobblemon:healing_machine":2,"minecraft:honey_bottle":2,"minecraft:wooden_axe":5,"minecraft:flower_pot":1,"minecraft:bread":3,"minecraft:iron_pickaxe":9,"minecraft:sweet_berries":4,"minecraft:furnace":1,"minecraft:egg":1,"minecraft:candle":2},"minecraft:mined":{"cobblemon:healing_machine":3,"minecraft:light_gray_stained_glass_pane":2,"minecraft:candle":5,"minecraft:crafting_table":2,"minecraft:stone_slab":1,"minecraft:tall_grass":1,"minecraft:iron_ore":3,"minecraft:sweet_berry_bush":1,"minecraft:ice":1,"minecraft:bee_nest":1,"minecraft:grass":7,"minecraft:oak_log":10,"minecraft:coal_ore":5,"minecraft:stone":14,"minecraft:player_head":3},"minecraft:picked_up":{"minecraft:crafting_table":3,"minecraft:leather_chestplate":2,"minecraft:chicken":4,"minecraft:leather_leggings":2,"minecraft:stone_slab":1,"minecraft:oak_log":10,"minecraft:string":2,"minecraft:flint_and_steel":1,"cobblemon:luxury_ball":2,"minecraft:armor_stand":1,"minecraft:wheat_seeds":2,"minecraft:candle":11,"minecraft:player_head":6,"minecraft:iron_pickaxe":1,"minecraft:iron_sword":1,"minecraft:egg":1,"minecraft:stick":5,"minecraft:raw_iron":6,"cobblemon:net_ball":4,"minecraft:sweet_berries":4,"unimplemented_items:dry_root":1,"minecraft:porkchop":9,"cobblemon:healing_machine":4,"minecraft:honey_bottle":1,"minecraft:rotten_flesh":2,"minecraft:diamond":5,"cobblemon:poke_ball":1,"minecraft:gold_ingot":4,"cobblemon:chesto_berry":9,"minecraft:mutton":5,"minecraft:coal":6,"minecraft:white_wool":3,"minecraft:cobblestone":15},"minecraft:killed_by":{"minecraft:zombie":2},"minecraft:crafted":{"minecraft:wooden_sword":1,"minecraft:oak_planks":38,"minecraft:crafting_table":2,"minecraft:wooden_pickaxe":1,"minecraft:iron_sword":1,"minecraft:furnace":1,"minecraft:stick":16,"minecraft:iron_pickaxe":1,"minecraft:stone_pickaxe":1,"minecraft:wooden_axe":1,"minecraft:stone_sword":1},"minecraft:dropped":{"minecraft:porkchop":3,"minecraft:glass_bottle":1,"minecraft:chicken":3,"cobblemon:chesto_berry":5,"minecraft:mutton":2,"minecraft:white_wool":1},"minecraft:custom":{"minecraft:interact_with_smithing_table":2,"minecraft:interact_with_furnace":3,"minecraft:mob_kills":7,"minecraft:interact_with_crafting_table":7,"minecraft:interact_with_loom":1,"minecraft:pot_flower":1,"minecraft:interact_with_grindstone":1,"minecraft:leave_game":1,"minecraft:time_since_death":22027,"minecraft:sleep_in_bed":1,"minecraft:climb_one_cm":848,"minecraft:time_since_rest":13865,"minecraft:sprint_one_cm":127129,"minecraft:damage_taken":618,"minecraft:walk_one_cm":241050,"minecraft:drop":15,"minecraft:damage_dealt":1372,"minecraft:swim_one_cm":6723,"minecraft:talked_to_villager":3,"minecraft:fly_one_cm":181836,"minecraft:open_chest":15,"minecraft:crouch_one_cm":1324,"minecraft:play_time":58303,"minecraft:deaths":2,"minecraft:sneak_time":632,"minecraft:walk_under_water_one_cm":9622,"minecraft:jump":997,"minecraft:walk_on_water_one_cm":7117,"minecraft:total_world_time":58303,"minecraft:fall_one_cm":21643}},"DataVersion":3465}