{"stats":{"minecraft:mined":{"minecraft:large_amethyst_bud":1,"cobblemon:pc":3,"minecraft:obsidian":4,"minecraft:cave_vines_plant":2,"minecraft:grass_block":6,"minecraft:red_stained_glass_pane":2,"minecraft:magma_block":3,"minecraft:iron_ore":3,"minecraft:fire":7,"minecraft:pumpkin":1,"minecraft:iron_bars":25,"minecraft:purple_carpet":5,"cobblemon:white_apricorn":1,"minecraft:player_head":3,"minecraft:red_bed":9,"minecraft:torch":9,"minecraft:poppy":1,"minecraft:chest":1,"minecraft:cobblestone":15,"minecraft:wall_torch":16,"minecraft:nether_wart_block":2,"minecraft:stone_brick_stairs":1,"minecraft:grass":32,"minecraft:oak_log":13,"minecraft:dirt":4,"minecraft:netherrack":52,"minecraft:oak_leaves":3,"minecraft:suspicious_gravel":4,"cobblemon:healing_machine":6,"minecraft:crying_obsidian":2,"minecraft:light_gray_stained_glass_pane":2,"minecraft:candle":5,"minecraft:spruce_fence":1,"minecraft:spruce_leaves":9,"minecraft:large_fern":3,"minecraft:hay_block":12,"minecraft:furnace":4,"minecraft:andesite":6,"minecraft:peony":1,"minecraft:cobblestone_slab":2,"minecraft:stone":136,"minecraft:brown_stained_glass_pane":2,"minecraft:dandelion":1,"minecraft:crafting_table":7,"minecraft:cyan_stained_glass_pane":1,"minecraft:rose_bush":1,"minecraft:stone_slab":1,"minecraft:tall_grass":5,"minecraft:sweet_berry_bush":6,"minecraft:ice":1,"minecraft:gray_bed":1,"minecraft:bee_nest":1,"minecraft:coal_ore":25,"minecraft:gravel":12,"minecraft:fern":5},"minecraft:picked_up":{"minecraft:wooden_axe":2,"minecraft:iron_chestplate":8,"cobblemon:timer_ball":5,"minecraft:stone_slab":2,"cobblemon:red_apricorn":25,"cobblemon:charti_berry":1,"minecraft:golden_sword":1,"cobblemon:sharp_beak":2,"cobblemon:wepear_berry":1,"minecraft:string":56,"minecraft:armor_stand":8,"minecraft:diamond_leggings":2,"minecraft:gold_nugget":66,"minecraft:cobbled_deepslate":54,"cobblemon:white_apricorn_seed":2,"minecraft:spruce_planks":57,"minecraft:cobblestone_slab":2,"minecraft:iron_pickaxe":4,"minecraft:furnace":4,"minecraft:stick":10,"cobblemon:net_ball":5,"cobblemon:pc":5,"minecraft:torch":57,"minecraft:porkchop":20,"minecraft:vine":6,"minecraft:golden_chestplate":6,"cobblemon:never_melt_ice":3,"minecraft:stone_sword":1,"minecraft:honey_bottle":1,"minecraft:command_block":2,"minecraft:rotten_flesh":33,"cobblemon:nostalgic_sherd":1,"minecraft:obsidian":28,"minecraft:iron_bars":25,"cobblemon:verdant_ball":14,"minecraft:cobblestone":159,"minecraft:magma_block":2,"minecraft:leather_chestplate":4,"cobblemon:great_ball":37,"minecraft:feather":12,"minecraft:cooked_beef":2,"minecraft:andesite":10,"minecraft:brown_wool":9,"minecraft:golden_leggings":1,"cobblemon:pinap_berry":3,"minecraft:potato":8,"minecraft:flint":5,"cobblemon:dragon_gem":4,"minecraft:lantern":6,"minecraft:dirt":57,"minecraft:name_tag":1,"cobblemon:luxury_ball":2,"minecraft:purple_carpet":5,"minecraft:bone":5,"wherearemytms:blank_tm":1,"minecraft:bow":3,"minecraft:wheat_seeds":9,"cobblemon:black_apricorn":2,"minecraft:diamond_helmet":2,"minecraft:rabbit":1,"minecraft:oak_planks":17,"cobblemon:sun_stone":8,"cobblemon:kasib_berry":4,"minecraft:cooked_porkchop":2,"minecraft:stripped_spruce_log":1,"cobblemon:healing_machine":13,"minecraft:diamond":293,"minecraft:spruce_boat":1,"cobblemon:poke_ball":179,"minecraft:bone_meal":1,"cobblemon:rindo_berry":2,"minecraft:emerald":11,"minecraft:bread":99,"cobblemon:chesto_berry":9,"minecraft:netherrack":34,"minecraft:crafting_table":13,"minecraft:chicken":23,"minecraft:leather_leggings":3,"cobblemon:yellow_apricorn":7,"minecraft:brown_mushroom":1,"minecraft:wooden_pickaxe":1,"minecraft:shield":1,"minecraft:red_bed":10,"minecraft:flint_and_steel":5,"cobblemon:white_apricorn":25,"minecraft:candle":34,"cobblemon:green_apricorn":3,"minecraft:beef":9,"cobblemon:relic_coin":208,"cobblemon:oval_stone":1,"minecraft:player_head":9,"minecraft:iron_nugget":7,"minecraft:poppy":2,"cobblemon:tumblestone":8,"minecraft:sugar_cane":1,"minecraft:chest":2,"minecraft:egg":8,"minecraft:raw_iron":15,"minecraft:copper_ingot":37,"unimplemented_items:dry_root":10,"minecraft:fire_charge":15,"cobblemon:citrine_ball":36,"minecraft:redstone":1,"minecraft:iron_horse_armor":9,"minecraft:arrow":45,"minecraft:repeating_command_block":1,"minecraft:diamond_chestplate":3,"cobblemon:everstone":2,"minecraft:pumpkin_pie":1,"minecraft:peony":1,"minecraft:diamond_boots":2,"minecraft:hay_block":12,"minecraft:totem_of_undying":1,"minecraft:gold_ingot":33,"minecraft:glow_berries":4,"minecraft:mutton":15,"cobblemon:blue_apricorn":48,"minecraft:white_wool":18,"minecraft:heartbreak_pottery_sherd":2,"minecraft:golden_carrot":4,"minecraft:burn_pottery_sherd":3,"minecraft:salmon":5,"minecraft:leather":5,"minecraft:filled_map":1,"minecraft:oak_log":13,"minecraft:golden_boots":4,"minecraft:nether_wart_block":2,"minecraft:cooked_mutton":2,"minecraft:apple":9,"cobblemon:exp_share":2,"minecraft:iron_ingot":16,"minecraft:stone_pickaxe":1,"minecraft:cooked_chicken":2,"minecraft:gray_bed":2,"cobblemon:sky_tumblestone":4,"minecraft:iron_sword":7,"minecraft:acacia_sapling":1,"minecraft:black_candle":4,"minecraft:sweet_berries":45,"minecraft:pumpkin":1,"minecraft:brush":2,"cobblemon:blue_apricorn_seed":1,"cobblemon:dusk_ball":42,"cobblemon:twisted_spoon":6,"minecraft:gravel":16,"cobblemon:pink_apricorn":21,"minecraft:spruce_log":3,"minecraft:crying_obsidian":3,"minecraft:spider_eye":3,"minecraft:iron_helmet":3,"minecraft:painting":1,"minecraft:baked_potato":24,"minecraft:coal":35,"minecraft:ender_pearl":20},"minecraft:crafted":{"minecraft:oak_planks":48,"minecraft:cobblestone_slab":63,"minecraft:cooked_mutton":8,"cobblemon:timer_ball":4,"minecraft:wooden_shovel":1,"minecraft:cooked_porkchop":7,"minecraft:crafting_table":3,"minecraft:spruce_planks":48,"minecraft:wooden_pickaxe":3,"minecraft:diamond_pickaxe":2,"minecraft:stick":30,"minecraft:iron_ingot":3,"minecraft:iron_pickaxe":2,"minecraft:stone_sword":2,"minecraft:wooden_sword":1,"minecraft:furnace":3,"minecraft:stone_pickaxe":2,"minecraft:spruce_boat":1,"minecraft:wheat":104,"minecraft:cooked_beef":2,"minecraft:iron_sword":1,"minecraft:bucket":1,"minecraft:bread":36,"minecraft:air":0,"minecraft:wooden_axe":1,"minecraft:torch":14,"cobblemon:great_ball":24},"minecraft:killed_by":{"cobblemon:pokemon":5,"minecraft:wither_skeleton":2,"minecraft:creeper":3,"minecraft:piglin":1,"minecraft:blaze":1,"minecraft:zombie":2,"minecraft:player":2,"minecraft:skeleton":1},"minecraft:custom":{"minecraft:interact_with_crafting_table":31,"minecraft:eat_cake_slice":1,"minecraft:leave_game":2,"minecraft:time_since_death":74816,"minecraft:sprint_one_cm":961974,"minecraft:drop":231,"minecraft:talked_to_villager":7,"minecraft:play_time":703534,"minecraft:deaths":23,"minecraft:jump":9276,"minecraft:walk_on_water_one_cm":102001,"minecraft:interact_with_furnace":17,"minecraft:interact_with_cartography_table":1,"minecraft:interact_with_loom":1,"minecraft:sleep_in_bed":6,"minecraft:damage_dealt":7129,"minecraft:crouch_one_cm":71425,"minecraft:interact_with_smithing_table":2,"minecraft:mob_kills":37,"minecraft:interact_with_anvil":1,"minecraft:climb_one_cm":12089,"minecraft:walk_one_cm":1921924,"minecraft:sneak_time":20557,"minecraft:walk_under_water_one_cm":78705,"minecraft:boat_one_cm":215848,"minecraft:total_world_time":703534,"minecraft:pot_flower":1,"minecraft:interact_with_grindstone":1,"minecraft:time_since_rest":29246,"minecraft:damage_taken":11741,"minecraft:damage_absorbed":90,"minecraft:swim_one_cm":157080,"minecraft:fly_one_cm":1487518,"minecraft:open_chest":69,"minecraft:fall_one_cm":211919},"minecraft:dropped":{"minecraft:repeating_command_block":1,"minecraft:candle":28,"minecraft:porkchop":3,"unimplemented_items:dry_root":7,"minecraft:ender_pearl":15,"minecraft:glass_bottle":1,"minecraft:diamond":12,"minecraft:lantern":3,"minecraft:leather":5,"cobblemon:oval_stone":1,"minecraft:iron_horse_armor":9,"cobblemon:exp_share":1,"minecraft:flint":5,"cobblemon:white_apricorn":4,"minecraft:yellow_dye":1,"cobblemon:poke_ball":9,"minecraft:mutton":2,"cobblemon:nostalgic_sherd":1,"minecraft:gold_nugget":32,"minecraft:wooden_sword":1,"cobblemon:blue_apricorn_seed":1,"minecraft:white_wool":18,"minecraft:bone":3,"minecraft:armor_stand":4,"minecraft:gravel":2,"minecraft:sugar_cane":1,"minecraft:iron_nugget":10,"minecraft:cobbled_deepslate":1,"minecraft:rotten_flesh":25,"cobblemon:dusk_ball":23,"cobblemon:chesto_berry":9,"minecraft:salmon":3,"cobblemon:never_melt_ice":1,"minecraft:poppy":2,"minecraft:leather_chestplate":2,"cobblemon:white_apricorn_seed":2,"minecraft:acacia_sapling":1,"cobblemon:citrine_ball":5,"minecraft:crying_obsidian":1,"minecraft:egg":2,"minecraft:stripped_spruce_log":1,"cobblemon:twisted_spoon":6,"minecraft:vine":3,"minecraft:wheat_seeds":5,"minecraft:feather":7,"minecraft:cobblestone":10,"minecraft:apple":1,"minecraft:command_block":2,"minecraft:coal":3,"minecraft:stick":5,"minecraft:black_candle":2,"minecraft:golden_carrot":2,"minecraft:gray_bed":2,"minecraft:brown_wool":9,"minecraft:fire_charge":6,"minecraft:pumpkin":1,"minecraft:smooth_stone":1,"minecraft:string":4,"minecraft:redstone":1,"cobblemon:rindo_berry":2,"minecraft:sweet_berries":6,"cobblemon:wepear_berry":1,"minecraft:player_head":3,"minecraft:stone_sword":2,"minecraft:chicken":10,"minecraft:stone_slab":1,"minecraft:filled_map":1,"cobblemon:everstone":2,"minecraft:potato":16,"minecraft:spruce_boat":1,"minecraft:iron_chestplate":5,"minecraft:andesite":4,"minecraft:stone_pickaxe":2,"minecraft:wooden_pickaxe":2,"minecraft:heartbreak_pottery_sherd":1},"minecraft:used":{"minecraft:peony":1,"minecraft:chest":2,"minecraft:iron_sword":112,"minecraft:rotten_flesh":6,"minecraft:mutton":5,"minecraft:obsidian":5,"minecraft:honey_bottle":2,"minecraft:spruce_boat":1,"minecraft:magma_block":1,"minecraft:bow":1,"minecraft:sweet_berries":39,"minecraft:furnace":7,"minecraft:egg":6,"minecraft:golden_boots":1,"minecraft:stone_pickaxe":89,"minecraft:ender_pearl":5,"minecraft:wooden_pickaxe":39,"minecraft:golden_apple":1,"minecraft:crying_obsidian":1,"minecraft:bread":37,"minecraft:string":2,"minecraft:gravel":22,"minecraft:nether_wart_block":2,"minecraft:wooden_sword":7,"minecraft:andesite":6,"minecraft:bone_meal":1,"minecraft:iron_bars":25,"minecraft:stone_sword":5,"minecraft:flint_and_steel":39,"minecraft:armor_stand":5,"minecraft:wooden_shovel":5,"minecraft:cooked_chicken":2,"minecraft:netherrack":6,"minecraft:torch":28,"minecraft:dirt":24,"minecraft:golden_chestplate":1,"minecraft:wooden_axe":23,"minecraft:totem_of_undying":1,"cobblemon:pc":3,"minecraft:golden_carrot":9,"minecraft:beef":7,"minecraft:cooked_beef":2,"minecraft:cobbled_deepslate":1,"minecraft:cooked_mutton":8,"minecraft:water_bucket":8,"minecraft:rabbit":1,"minecraft:baked_potato":21,"minecraft:brown_mushroom":1,"minecraft:cobblestone_slab":68,"minecraft:salmon":2,"minecraft:crafting_table":9,"minecraft:red_bed":6,"minecraft:painting":1,"minecraft:spruce_log":1,"cobblemon:healing_machine":7,"minecraft:flower_pot":1,"minecraft:diamond_pickaxe":110,"minecraft:apple":4,"minecraft:chicken":7,"minecraft:iron_pickaxe":64,"minecraft:suspicious_stew":1,"minecraft:stone_slab":1,"minecraft:cobblestone":15,"minecraft:porkchop":1,"minecraft:cooked_porkchop":9,"minecraft:bucket":9,"minecraft:pumpkin_pie":1,"minecraft:brush":121,"minecraft:purple_carpet":5,"minecraft:candle":2},"minecraft:killed":{"minecraft:spider":1,"minecraft:skeleton":1,"minecraft:chicken":1,"minecraft:pig":3,"minecraft:zombie_villager":1,"minecraft:salmon":5,"minecraft:iron_golem":1,"minecraft:sheep":4,"minecraft:zombie":14,"cobblemon:pokemon":3,"minecraft:enderman":1},"minecraft:broken":{"minecraft:leather_leggings":1}},"DataVersion":3465}