{
  "minecraft:recipes/decorations/crafting_table": {
    "criteria": {
      "unlock_right_away": "2024-07-30 02:22:14 +0000"
    },
    "done": true
  },
  "minecraft:adventure/adventuring_time": {
    "criteria": {
      "minecraft:snowy_plains": "2024-07-30 02:22:22 +0000",
      "minecraft:snowy_taiga": "2024-07-30 02:22:15 +0000"
    },
    "done": false
  },
  "cobblemon:root": {
    "criteria": {
      "picked_starter": "2024-07-30 02:28:31 +0000"
    },
    "done": true
  },
  "DataVersion": 3465
}